{
    "maxzoom": "5", 
    "minzoom": "0", 
    "json": "{\"vector_layers\":[{\"id\":\"countries\",\"description\":\"\",\"fields\":{\"scalerank\":\"Number\",\"featurecla\":\"String\",\"LABELRANK\":\"Number\",\"SOVEREIGNT\":\"String\",\"SOV_A3\":\"String\",\"ADM0_DIF\":\"Number\",\"LEVEL\":\"Number\",\"TYPE\":\"String\",\"ADMIN\":\"String\",\"ADM0_A3\":\"String\",\"GEOU_DIF\":\"Number\",\"GEOUNIT\":\"String\",\"GU_A3\":\"String\",\"SU_DIF\":\"Number\",\"SUBUNIT\":\"String\",\"SU_A3\":\"String\",\"BRK_DIFF\":\"Number\",\"NAME\":\"String\",\"NAME_LONG\":\"String\",\"BRK_A3\":\"String\",\"BRK_NAME\":\"String\",\"BRK_GROUP\":\"String\",\"ABBREV\":\"String\",\"POSTAL\":\"String\",\"FORMAL_EN\":\"String\",\"FORMAL_FR\":\"String\",\"NOTE_ADM0\":\"String\",\"NOTE_BRK\":\"String\",\"NAME_SORT\":\"String\",\"NAME_ALT\":\"String\",\"MAPCOLOR7\":\"Number\",\"MAPCOLOR8\":\"Number\",\"MAPCOLOR9\":\"Number\",\"MAPCOLOR13\":\"Number\",\"POP_EST\":\"Number\",\"GDP_MD_EST\":\"Number\",\"POP_YEAR\":\"Number\",\"LASTCENSUS\":\"Number\",\"GDP_YEAR\":\"Number\",\"ECONOMY\":\"String\",\"INCOME_GRP\":\"String\",\"WIKIPEDIA\":\"Number\",\"FIPS_10_\":\"String\",\"ISO_A2\":\"String\",\"ISO_A3\":\"String\",\"ISO_N3\":\"String\",\"UN_A3\":\"String\",\"WB_A2\":\"String\",\"WB_A3\":\"String\",\"WOE_ID\":\"Number\",\"WOE_ID_EH\":\"Number\",\"WOE_NOTE\":\"String\",\"ADM0_A3_IS\":\"String\",\"ADM0_A3_US\":\"String\",\"ADM0_A3_UN\":\"Number\",\"ADM0_A3_WB\":\"Number\",\"CONTINENT\":\"String\",\"REGION_UN\":\"String\",\"SUBREGION\":\"String\",\"REGION_WB\":\"String\",\"NAME_LEN\":\"Number\",\"LONG_LEN\":\"Number\",\"ABBREV_LEN\":\"Number\",\"TINY\":\"Number\",\"HOMEPART\":\"Number\"}}]}", 
    "center": "9.8438,80.058,2", 
    "format": "pbf"
}